id;name;url;owner_email
1;recovery divine ack;https://pleasing-premium.com/;off fortunately wherever
2;culminate huzzah;https://heavenly-wallaby.com/;unimpressively
3;hovel;https://gruesome-boulevard.biz/;inside wisely
4;outnumber fooey;https://nifty-fuel.org/;wherever schlep
5;softly from wetly;https://sleepy-meal.org;redevelop relieve
6;alongside perfectly;https://pointed-lieu.com/;slowly ultimately
7;per;https://sugary-caption.info/;fooey wisely mmm
8;consequently;https://compassionate-hierarchy.info/;ugh regarding
9;meh;https://important-charm.net/;authorized woot petal
10;toothpick suddenly republican;https://gummy-footrest.net;somber towards upright
